{"1": [0.37269771599999996, 3.502667291], "2": [0.49792801099999995, 7.513321056]}